Product Name,Unit Price,Stocks
여자아이 코트 (블루),"17,017","10,000"
여성 양말 (그레이),"51,857","10,000"
여성 스웨터 (브라운),"31,798","10,000"
여성 자켓 (블랙),"18,642","10,000"
남성 코트 (래드),"36,673","10,000"
여자아이 바지 (그린),"49,842","10,000"
여자아이 파자마 (화이트),"51,714","10,000"
남성 바지 (블랙),"13,429","10,000"
남성 파자마 (블루),"62,907","10,000"
여성 자켓 (블루),"48,100","10,000"
남자아이 파자마 (그레이),"30,316","10,000"
여성 Jeans (래드),"9,334","10,000"
여자아이 Dress (래드),"63,856","10,000"
여성 Trousers (블루),"38,363","10,000"
남자아이 Jeans (블루),"29,874","10,000"
여자아이 파자마 (래드),"14,300","10,000"
남자아이 Trousers (블루),"44,278","10,000"
여자아이 파자마 (블랙),"11,258","10,000"
남자아이 스웨터 (래드),"12,740","10,000"
여자아이 Jeans (그레이),"63,375","10,000"
여자아이 후드 (화이트),"51,883","10,000"
남자 코드 (블루),"13,312","10,000"
남성 후드 (래드),"32,123","10,000"
남자아이 Shirt (블랙),"48,542","10,000"
여성 파자마 (그레이),"37,167","10,000"
여성 Skirt (그린),"7,345","10,000"
남자아이 Shirt (화이트),"38,415","10,000"
여성 Shirt (그린),"21,671","10,000"
남자아이 스웨터 (그린),"57,421","10,000"
남자아이 Trousers (화이트),"56,823","10,000"
여자아이 바지 (래드),"49,764","10,000"
남자아이 양말 (그레이),"24,908","10,000"
남자아이 양말 (블랙),"25,454","10,000"
남자아이 코트 (브라운),"27,508","10,000"
여성 Jeans (브라운),"38,337","10,000"
여성 Skirt (래드),"39,897","10,000"
남자아이 바지 (블루),"13,624","10,000"
남자아이 양말 (화이트),"16,432","10,000"
남자아이 후드 (그레이),"33,982","10,000"
여성 Skirt (브라운),"18,161","10,000"
여성 Dress (블랙),"13,143","10,000"
남자아이 Jeans (블랙),"21,632","10,000"
남자아이 Trousers (블랙),"51,116","10,000"
여성 코트 (블랙),"41,184","10,000"
남성 Jeans (그레이),"35,932","10,000"
여자아이 Trousers (래드),"50,908","10,000"